Model,ROC_AUC,PR_AUC
Logistic Regression,0.8486483589355907,0.9635406826372303
LightGBM,0.8686743330419499,0.9695238234076053
