Model,ROC_AUC,PR_AUC
Logistic Regression,0.7003341112111322,0.8405339944919096
LightGBM,0.617249024727899,0.8205226379113529
